{"cameraMode":{"drawMode":0,"name":"Shaded","section":"Shading Mode"},"sceneLighting":true,"audioPlay":false,"sceneViewState":{"showFog":false,"showMaterialUpdate":false,"showSkybox":false,"showFlares":false,"showImageEffects":false,"showParticleSystems":false},"in2DMode":false,"pivot":{"x":-2.427992343902588,"y":-1.8714356422424317,"z":0.30380526185035708},"rotation":{"x":-0.14530406892299653,"y":0.6376546621322632,"z":-0.12416083365678787,"w":-0.7462354898452759},"size":10.0,"orthographic":false}